{"subway": 0.2921999990940094, "hospital": 0.12780000269412994, "mart": 0.07079999893903732, "cctv": 0.06520000100135803, "kindergarten": 0.0649000033736229, "library": 0.039500001817941666, "police": 0.04019999876618385, "animal_hospital": 0.03889999911189079, "convenience_store": 0.03759999945759773, "bus": 0.03889999911189079, "pet_facility": 0.03779999911785126, "park": 0.04100000113248825, "school": 0.03460000082850456, "fire_station": 0.03970000147819519, "pharmacy": 0.03099999949336052}