{"mart": 0.2928999960422516, "subway": 0.11540000140666962, "pharmacy": 0.07750000059604645, "hospital": 0.13009999692440033, "animal_hospital": 0.051600001752376556, "convenience_store": 0.04749999940395355, "bus": 0.039900001138448715, "pet_facility": 0.03319999948143959, "kindergarten": 0.03689999878406525, "library": 0.0340999998152256, "school": 0.03099999949336052, "cctv": 0.03200000151991844, "fire_station": 0.027400000020861626, "police": 0.025100000202655792, "park": 0.025299999862909317}